_id,Proposal Number:,Program Cycle:,Submitting Institution Name:,Project Status:,Start Date:,Lead Investigator:,Project Duration:,End Date:,SubmissionType:,Proposal Title:,Research Keyword 1,Research Keyword 2,Research Keyword 3,Research Keyword 4,Research Keyword 5,Research Type:,Personnel,Institution,URL
0,YSREP 2 - 011 - 2 - 002,YSREP,Texas A&M University at Qatar,Award Tech. Completed,15 Feb 2012,Dr. Mohammad Shaqfeh,2 Year(s),30 Jul 2014,New,Relaying Technologies for Next Generation Mobile Broadband Communication Systems,Next Generation Mobile Broadband Systems, Relay-Assisted Communication, Resource Allocation Algorithms, LTE-Advanced, Performance Analysis,Applied research,"[('PI', 'Dr. Mohammad Shaqfeh', 'Texas A&M University at Qatar')]","[('Texas A&M University at Qatar', 'Qatar', 'Submitting Institution')]",https://pub.qgrants.org/Awards/ProjectDetails?p=4890&s=Y&prm2=0&prm4=0&prm5=0&prm6=0&prm9=0&prm12=0&prm13=0&prm14=0
1,UREP22-176-3-034,UREP,Weill Cornell Medical College in Qatar,Award Pending - Vetted,,Prof. Shahrad Taheri,1 Year(s),,New,Development of a Qatari Food Frequency Questionnaire,Nutritional assessment, Diet, Nutrition, Qualitative and Quantitative research, Questionnaire design,Applied research,"[('Primary Research Mentor', 'Prof. Shahrad Taheri', 'Weill Cornell Medical College in Qatar'), ('Industry Research Mentor', 'Mrs. Katie El Nahas', 'Qatar Diabetes Association, Qatar Foundation'), ('Student', 'Miss Lara Miranda', 'Weill Cornell Medical College in Qatar'), ('Student', 'Mr. Rei Myderrizi', 'Weill Cornell Medical College in Qatar'), ('Student', 'Miss Hiba Naveed', 'Weill Cornell Medical College in Qatar'), ('Student', 'Miss Muna Almasri', 'Weill Cornell Medical College in Qatar'), ('Student', 'Ms. Sara  Tomerak', 'Weill Cornell Medical College in Qatar'), ('Student', 'Miss Rawan Hussein', 'Weill Cornell Medical College in Qatar'), ('Research Mentor', 'Mr. Omar Omar', 'Weill Cornell Medical College in Qatar'), ('Research Mentor', 'Dr. Odette Chagoury', 'Weill Cornell Medical College in Qatar')]","[('Weill Cornell Medical College in Qatar', 'Qatar', 'Submitting Institution'), ('Qatar Diabetes Association, Qatar Foundation', 'Qatar', 'Collaborative Institution')]",https://pub.qgrants.org/Awards/ProjectDetails?p=29409&s=U&prm2=0&prm4=0&prm5=0&prm6=0&prm9=0&prm12=0&prm13=0&prm14=0
2,UREP22-180-5-048,UREP,Georgetown University School of Foreign Service in Qatar,Award Pending - Vetted,,Dr. Alexis Antoniades,1 Year(s),,New,Qatar's establishment of infant industries in response to the blockade,blockade, Industries, Competition, quota, Qatar,Basic research,"[('Primary Research Mentor', 'Dr. Alexis Antoniades', 'Georgetown University School of Foreign Service in Qatar'), ('Student', 'Miss Rafia  Al-Jassim', 'Georgetown University School of Foreign Service in Qatar')]","[('Georgetown University School of Foreign Service in Qatar', 'Qatar', 'Submitting Institution')]",https://pub.qgrants.org/Awards/ProjectDetails?p=29417&s=U&prm2=0&prm4=0&prm5=0&prm6=0&prm9=0&prm12=0&prm13=0&prm14=0
3,YSREP 1 - 033 - 1 - 006,YSREP,Carnegie Mellon University - Qatar,Award Tech. Completed,01 Apr 2012,Dr. Thierry Sans,3 Year(s),31 Mar 2015,New,A type-safe programming language to build safe and secure web applications,Language based security, Type Theory, Information Flow, Programming Language for the Web, Cloud Computing,Basic research,"[('PI', 'Dr. Thierry Sans', 'Carnegie Mellon University - Qatar')]","[('Carnegie Mellon University - Qatar', 'Qatar', 'Submitting Institution')]",https://pub.qgrants.org/Awards/ProjectDetails?p=2711&s=Y&prm2=0&prm4=0&prm5=0&prm6=0&prm9=0&prm12=0&prm13=0&prm14=0
4,YSREP 1 - 017 - 1 - 003,YSREP,Qatar University,Award Tech. Completed,01 Apr 2012,Dr. Dana Alabdulmalik,2 Year(s),20 Oct 2014,New,Modification and Automation of a Positron Annihilation Combined System for Studying Temperature-Dependent Microscopic Changes in Polymers,positron annihilation, Doppler broadening, material science, polymers, microscopic structures,Applied research,"[('PI', 'Dr. Dana Alabdulmalik', 'Qatar University')]","[('Qatar University', 'Qatar', 'Submitting Institution')]",https://pub.qgrants.org/Awards/ProjectDetails?p=2695&s=Y&prm2=0&prm4=0&prm5=0&prm6=0&prm9=0&prm12=0&prm13=0&prm14=0
5,YSREP 1 - 009 - 3 - 003,YSREP,Weill Cornell Medical College in Qatar,Award Tech. Completed,01 Sep 2012,Dr. Rym SKANJI,1 Year(s),18 Dec 2013,New,Novel Fluorescence-quenching Lipid Probes for Intracellular Lipoplex Tracking,fluorescence-quenching, probes, intracellular, trafficking, non-viral vectors,Applied research,"[('PI', 'Dr. Rachel Jones', 'Weill Cornell Medical College in Qatar'), ('PI', 'Dr. Rym SKANJI', 'Qatar University')]","[('Weill Cornell Medical College in Qatar', 'Qatar', 'Submitting Institution')]",https://pub.qgrants.org/Awards/ProjectDetails?p=2687&s=Y&prm2=0&prm4=0&prm5=0&prm6=0&prm9=0&prm12=0&prm13=0&prm14=0
6,YSREP 1 - 018 - 1 - 004,YSREP,Carnegie Mellon University - Qatar,Award Tech. Completed,01 Apr 2012,Dr. Behrang Mohit,3 Year(s),04 Jul 2015,New,Expanding Arabic Wikipedia by Statisitcal Machine Translation,Human Language Technology, Natural Language Processing, Machine Translation, Wikipedia, Confidence Estimation,Applied research,"[('PI', 'Dr. Behrang Mohit', 'Carnegie Mellon University - Qatar')]","[('Carnegie Mellon University - Qatar', 'Qatar', 'Submitting Institution')]",https://pub.qgrants.org/Awards/ProjectDetails?p=2696&s=Y&prm2=0&prm4=0&prm5=0&prm6=0&prm9=0&prm12=0&prm13=0&prm14=0
7,YSREP 1 - 019 - 2 - 008,YSREP,Carnegie Mellon University - Qatar,Award Terminated,01 Oct 2012,Dr. Peter Hansen,3 Year(s),01 Oct 2015,New,Visual SLAM using an Array of Cameras,Localization and Mapping, SLAM, Stereo Vision, Omnidirection (Spherical) Vision, Mobile Robots,Applied research,"[('PI', 'Dr. Peter Hansen', 'Carnegie Mellon University - Qatar')]","[('Carnegie Mellon University - Qatar', 'Qatar', 'Submitting Institution')]",https://pub.qgrants.org/Awards/ProjectDetails?p=2697&s=Y&prm2=0&prm4=0&prm5=0&prm6=0&prm9=0&prm12=0&prm13=0&prm14=0
8,UREP22-155-3-029,UREP,Qatar University,Award Pending - Vetted,,Dr. Sowndramalingam Sankaralingam,1 Year(s),,New,Induction of Glyoxalase1 as a Strategy to Prevent Methylglyoxal-Induced Cardiac Insulin Resistance: Implications for Diabetic Cardiomyopathy,Diabetes, Cardiomyopathy, Methylglyoxal, Glyoxalase, Insulin resistance,Basic research,"[('Primary Research Mentor', 'Dr. Sowndramalingam Sankaralingam', 'Qatar University'), ('Industry Research Mentor', 'Dr. Manjunath Ramanjaneya', 'Hamad Medical Corporation'), ('Industry Research Mentor', 'Dr. Manjunath Ramanjaneya', 'Hamad Medical Corporation'), ('Student', 'Ms. Sara Rabie', 'Qatar University'), ('Student', 'Ms. Iqrah Qurishi', 'Qatar University'), ('Student', 'Ms. Meram Ibrahim', 'Qatar University'), ('Student', 'Miss Raghad Shalfawi', 'Qatar University')]","[('Qatar University', 'Qatar', 'Submitting Institution'), ('Hamad Medical Corporation', 'Qatar', 'Collaborative Institution')]",https://pub.qgrants.org/Awards/ProjectDetails?p=29343&s=U&prm2=0&prm4=0&prm5=0&prm6=0&prm9=0&prm12=0&prm13=0&prm14=0
9,UREP22-148-1-024,UREP,Qatar University,Award Pending - Vetted,,Dr. Yousria Soliman,1 Year(s),,New,Comparing blue carbon stocks in salt marshes and mangrove habitats in the east coast of Qatar- Cental Arabian Gulf,Mangrove, Saltmarsh, Sediment, Carbon, Arabian Gulf,Basic research,"[('Primary Research Mentor', 'Dr. Yousria Soliman', 'Qatar University'), ('Student', 'Mr. Hamed Alhosin', 'Qatar University'), ('Student', 'Ms. Sareh Khodadady', 'Qatar University'), ('Student', 'Mr. Abdulaziz  Harharah', 'Qatar University'), ('Research Mentor', 'Dr. Jassim Al-Khayat', 'Qatar University'), ('Research Mentor', 'Dr. Jassim Al-Khayat', 'Qatar University')]","[('Qatar University', 'Qatar', 'Submitting Institution')]",https://pub.qgrants.org/Awards/ProjectDetails?p=29330&s=U&prm2=0&prm4=0&prm5=0&prm6=0&prm9=0&prm12=0&prm13=0&prm14=0
10,YSREP 1 - 002 - 5 - 001,YSREP,Qatar University,Award Tech. Completed,01 Apr 2012,Dr. Syed  Raza,2 Year(s),10 Dec 2014,New,Econometric Models for Revenue Management facing customers' cannibalization,Pricing, Customer behavior, Econometric models, Retail industry, Revenue management,Applied research,"[('PI', 'Dr. Syed  Raza', 'Qatar University'), ('Research Assistant', 'Dr. Najam Saqib', 'Qatar University')]","[('Qatar University', 'Qatar', 'Submitting Institution')]",https://pub.qgrants.org/Awards/ProjectDetails?p=2680&s=Y&prm2=0&prm4=0&prm5=0&prm6=0&prm9=0&prm12=0&prm13=0&prm14=0
11,UREP22-160-5-043,UREP,Qatar University,Award Pending - Vetted,,Dr. Elsayed Hassanein,1 Year(s),,New,Student teachers’ attitudes and beliefs about inclusive education: The role of teacher education programs,Inclusive education, Inclusion, Attitudes, Teacher education, Disabilities,Basic research,"[('Primary Research Mentor', 'Dr. Elsayed Hassanein', 'Qatar University'), ('Student', 'Ms. fatima alnaimi', 'Qatar University'), ('Student', 'Miss shaikha Al-Mansouri', 'Qatar University'), ('Student', 'Miss elaf aladwi', 'Qatar University')]","[('Qatar University', 'Qatar', 'Submitting Institution')]",https://pub.qgrants.org/Awards/ProjectDetails?p=29359&s=U&prm2=0&prm4=0&prm5=0&prm6=0&prm9=0&prm12=0&prm13=0&prm14=0
12,UREP22-143-3-024,UREP,Qatar University,Award Pending - Vetted,,Dr. Md Rahman,1 Year(s),,New,"The effect of Senna italiaca, Plantago ciliate and Nigella sativa (black seeds) on breast cancer cell proliferation, migration and invasion.",Breast cancer, Medicinal plants, Cell growth control, Migration and Invasion, Apoptosis,Basic research,"[('Primary Research Mentor', 'Dr. Md Rahman', 'Qatar University'), ('Student', 'Miss Meryem Ben Saad', 'Qatar University'), ('Student', 'Miss Arij Hassan', 'Qatar University'), ('Student', 'Miss Zaynab Elhussein', 'Qatar University')]","[('Qatar University', 'Qatar', 'Submitting Institution')]",https://pub.qgrants.org/Awards/ProjectDetails?p=29325&s=U&prm2=0&prm4=0&prm5=0&prm6=0&prm9=0&prm12=0&prm13=0&prm14=0
13,UREP22-120-5-030,UREP,Georgetown University School of Foreign Service in Qatar,Award Pending - Vetted,,Dr. Rogaia Abusharaf,1 Year(s),,New,Jidariya: Every Day is National Day in Qatar,Political, Language and Culture, Communication, Media analysis, Creative work,Basic research,"[('Primary Research Mentor', 'Dr. Rogaia Abusharaf', 'Georgetown University School of Foreign Service in Qatar'), ('Student', 'Mr. Mohammed Al-Jaberi', 'Georgetown University School of Foreign Service in Qatar'), ('Student', 'Miss Hissa Al Kubaisi', 'Georgetown University School of Foreign Service in Qatar'), ('Student', 'Miss Ghalya Al-Hail', 'Georgetown University School of Foreign Service in Qatar'), ('Student', 'Miss AlMaha Al-Neama', 'Georgetown University School of Foreign Service in Qatar'), ('Research Mentor', 'Dr. Suzi Mirgani', 'Georgetown University School of Foreign Service in Qatar'), ('Research Mentor', 'Dr. Yehia Mohamed', 'Georgetown University School of Foreign Service in Qatar')]","[('Georgetown University School of Foreign Service in Qatar', 'Qatar', 'Submitting Institution')]",https://pub.qgrants.org/Awards/ProjectDetails?p=29298&s=U&prm2=0&prm4=0&prm5=0&prm6=0&prm9=0&prm12=0&prm13=0&prm14=0
14,UREP22-118-1-018,UREP,Qatar University,Award Pending - Vetted,,Prof. Nabil Zouari,1 Year(s),,New,"Biodiversity of indigenous Qatari bacteria, responsible of minerals formation in Qatari sabkhas and soil stabilization by Microbially Induced Carbonate Precipitation",Biomineralization, Soil microbial communitiesies, Living mat microbiology, Microbial Biodiversity, Soil stabilization,Basic research,"[('Primary Research Mentor', 'Prof. Nabil Zouari', 'Qatar University'), ('Student', 'Mrs. Asmaa Hussain', 'Qatar University'), ('Student', 'Miss Ghaida Elhag', 'Qatar University'), ('Student', 'Miss Sally Abuel-Hassan', 'Qatar University'), ('Student', 'Ms. Shatha Al-Khanji', 'Qatar University'), ('Student', 'Miss Nouha Abdelaziz', 'Qatar University'), ('Student', 'Ms. Imane Hassan', 'Qatar University'), ('Research Mentor', 'Prof. Samir Jaoua', 'Qatar University')]","[('Qatar University', 'Qatar', 'Submitting Institution')]",https://pub.qgrants.org/Awards/ProjectDetails?p=29289&s=U&prm2=0&prm4=0&prm5=0&prm6=0&prm9=0&prm12=0&prm13=0&prm14=0
15,UREP22-140-3-023,UREP,Qatar University,Award Pending - Vetted,,Dr. Haissam Abou Saleh,1 Year(s),,New,Sildenafil-MIL-89 Conjugate as a Potential Drug Delivery Vehicle in Pulmonary Arterial Hypertension,Pulmonary Arterial Hypertension, Nanoparticle, Metal-organic frameworks, Drug delivery systems, Sildenafil,Basic research,"[('Primary Research Mentor', 'Dr. Haissam Abou Saleh', 'Qatar University'), ('Student', 'Miss Dana Alansari', 'Qatar University'), ('Student', 'Miss Rahaf Tawakul', 'Qatar University'), ('Student', 'Miss Amal Abusamhadaneh', 'Qatar University'), ('Research Mentor', 'Prof. Allal OUHTIT', 'Qatar University')]","[('Qatar University', 'Qatar', 'Submitting Institution')]",https://pub.qgrants.org/Awards/ProjectDetails?p=29322&s=U&prm2=0&prm4=0&prm5=0&prm6=0&prm9=0&prm12=0&prm13=0&prm14=0
16,UREP22-145-1-022,UREP,Qatar University,Award Pending - Vetted,,Dr. fahad aljamali,1 Year(s),,New,Preservation of fish biodiversity in Qatar: assessing the role of Marine Protected Areas (MPAs) and Artificial Reefs (ARs),Coastal habitats, Functional biodiversity, Environmental conservation, Underwater visual census, Baited remote underwater cameras,Basic research,"[('Primary Research Mentor', 'Dr. fahad aljamali', 'Qatar University'), ('Student', 'Mr. Ahmad Mujthaba Dheen Mohamed', 'Qatar University'), ('Student', 'Miss Aya Saleh', 'Qatar University'), ('Student', 'Miss Rouzan Shoshaa', 'Qatar University'), ('Student', 'Miss Sara Almallah', 'Qatar University'), ('Student', 'Mr. Mohammed Al-Dibis', 'Qatar University'), ('Student', 'Mr. Ahmed Ibraheem', 'Qatar University'), ('Research Mentor', 'Dr. Radhouan Ben-Hamadou', 'Qatar University')]","[('Qatar University', 'Qatar', 'Submitting Institution')]",https://pub.qgrants.org/Awards/ProjectDetails?p=29327&s=U&prm2=0&prm4=0&prm5=0&prm6=0&prm9=0&prm12=0&prm13=0&prm14=0
17,UREP22-110-4-003,UREP,Qatar University,Award Pending - Vetted,,Dr. Talaat Ahmed,1 Year(s),,Resubmission of [UREP21-048-4-001],Genetic Improvement of Tomato for abiotic Stress tolerance through Agrobacterium-mediated Transformation,Tomato, abiotec Stress, Genetic improvement, Agrobacterium, Gene Transformation,Applied research,"[('Primary Research Mentor', 'Dr. Talaat Ahmed', 'Qatar University'), ('Student', 'Miss Hadeel Mohamad', 'Qatar University'), ('Student', 'Miss Tasnim Mahmoud', 'Qatar University'), ('Student', 'Miss Alaa HAssanien', 'Qatar University'), ('Student', 'Miss Rahma Hassan', 'Qatar University'), ('Student', 'Miss Gawaher Elkhatib', 'Qatar University'), ('Student', 'Miss Amira Alwa', 'Qatar University'), ('Research Mentor', 'Mr. Atsushi Kato', 'Qatar University')]","[('Qatar University', 'Qatar', 'Submitting Institution')]",https://pub.qgrants.org/Awards/ProjectDetails?p=29264&s=U&prm2=0&prm4=0&prm5=0&prm6=0&prm9=0&prm12=0&prm13=0&prm14=0
18,UREP22-128-5-033,UREP,Qatar University,Award Pending - Vetted,,Prof. Abdrabo Soliman,1 Year(s),,New,Psychological Sequelae of the Qatar Blockade,Qatar, Blockade, Psychosocial factors, Truma, Posttraumatic stress disorder,Basic research,"[('Primary Research Mentor', 'Prof. Abdrabo Soliman', 'Qatar University'), ('Student', 'Mrs. Fatemah Alqahtnani', 'Qatar University'), ('Student', 'Miss Esraa Hussein', 'Qatar University'), ('Student', 'Miss Alanoud Althani', 'Qatar University'), ('Research Mentor', 'Prof. Ibrahim Alkaabi', 'Qatar University')]","[('Qatar University', 'Qatar', 'Submitting Institution')]",https://pub.qgrants.org/Awards/ProjectDetails?p=29306&s=U&prm2=0&prm4=0&prm5=0&prm6=0&prm9=0&prm12=0&prm13=0&prm14=0
19,UREP22-109-1-016,UREP,Qatar University,Award Pending - Vetted,,Dr. Talaat Ahmed,1 Year(s),,New,In-vitro plant tissue culture: An Alternative Source of Bioactive molecules in the rare medicinal plants in Qatar,Plant tissue culture, desert medicinal plants, active biomolecules, in-vitro culture, plant hormone,Applied research,"[('Primary Research Mentor', 'Dr. Talaat Ahmed', 'Qatar University'), ('Student', 'Miss Aisha Alhelabi', 'Qatar University'), ('Student', 'Miss Aziza Al-Aidaroos', 'Qatar University'), ('Student', 'Ms. Ghada Deeb', 'Qatar University'), ('Student', 'Miss Marwa Elbasha', 'Qatar University'), ('Student', 'Ms. Lina Layth', 'Qatar University'), ('Student', 'Ms. Aya Ali', 'Qatar University'), ('Research Mentor', 'Dr. Amjad Shraim', 'Qatar University'), ('Research Mentor', 'Dr. Mohammed Alsafran', 'Qatar University')]","[('Qatar University', 'Qatar', 'Submitting Institution')]",https://pub.qgrants.org/Awards/ProjectDetails?p=29262&s=U&prm2=0&prm4=0&prm5=0&prm6=0&prm9=0&prm12=0&prm13=0&prm14=0
20,UREP22-090-2-037,UREP,Texas A&M University at Qatar,Award Pending - Vetted,,Prof. Mansour Karkoub,1 Year(s),,New,"Design, Construction, and Testing of an Autonomous External Pipeline Inspection Robot",autonomous system, defect detection, variable size pipe, MFL technology, automatic control,Applied research,"[('Primary Research Mentor', 'Prof. Mansour Karkoub', 'Texas A&M University at Qatar'), ('Student', 'Mr. Rami El-Turk', 'Texas A&M University at Qatar'), ('Student', 'Mr. Dhafer Alhababi', 'Texas A&M University at Qatar'), ('Student', 'Mr. Dhafer Alhababi', 'Texas A&M University at Qatar'), ('Student', 'Mr. Hossam Sayed', 'Texas A&M University at Qatar'), ('Student', 'Mr. Youssef Mortada', 'Texas A&M University at Qatar'), ('Student', 'Miss Joana Mahfouz', 'Texas A&M University at Qatar'), ('Research Mentor', 'Dr. Mohamed Gharib', 'Texas A&M University at Qatar'), ('Research Mentor', 'Dr. Shehab Ahmed', 'Texas A&M University at Qatar')]","[('Texas A&M University at Qatar', 'Qatar', 'Submitting Institution')]",https://pub.qgrants.org/Awards/ProjectDetails?p=29183&s=U&prm2=0&prm4=0&prm5=0&prm6=0&prm9=0&prm12=0&prm13=0&prm14=0
21,UREP22-098-5-023,UREP,Qatar University,Award Pending - Vetted,,Dr. Shatha Obeidat,1 Year(s),,New,"The relationship Between ICT use (including after-work hour emails) and Employees` Work-Life Balance, stress, and occupational health: an exploratory study in the Higher Education sector in Qatar",ICT use, Work-life balance, Occupational health, Higher education, after-hour emails,Applied research,"[('Primary Research Mentor', 'Dr. Shatha Obeidat', 'Qatar University'), ('Student', 'Miss Sara Almarri', 'Qatar University'), ('Student', 'Miss Shaikha  Almarri', 'Qatar University'), ('Student', 'Ms. Reem Aljalham', 'Qatar University'), ('Student', 'Ms. Alaa Dalloul', 'Qatar University'), ('Student', 'Ms. Amna Al-Sheeb', 'Qatar University'), ('Student', 'Ms. Lamis  Khaled', 'Qatar University'), ('Research Mentor', 'Dr. Allam Abu Farha', 'Qatar University')]","[('Qatar University', 'Qatar', 'Submitting Institution')]",https://pub.qgrants.org/Awards/ProjectDetails?p=29202&s=U&prm2=0&prm4=0&prm5=0&prm6=0&prm9=0&prm12=0&prm13=0&prm14=0
22,UREP22-087-1-012,UREP,Qatar University,Award Pending - Vetted,,Prof. Shaheen Al-Muhtaseb,1 Year(s),,New,Developing nanocomposite membranes for desalination,Nanocomposite membranes, functionalized Carbon Nanotubes, Additives, Permeation, Desalination,Applied research,"[('Primary Research Mentor', 'Prof. Shaheen Al-Muhtaseb', 'Qatar University'), ('Student', 'Miss Janaa Alnaimi', 'Qatar University'), ('Student', 'Miss Alanood Alkhater', 'Qatar University'), ('Student', 'Miss Ayman Arif', 'Qatar University'), ('Student', 'Miss Namra Mir', 'Qatar University'), ('Student', 'Ms. Hafsa Ashraf', 'Qatar University'), ('Student', 'Ms. Fatma Aljanahi', 'Qatar University'), ('Research Mentor', 'Dr. Ahmed Ahmed', 'Qatar University')]","[('Qatar University', 'Qatar', 'Submitting Institution')]",https://pub.qgrants.org/Awards/ProjectDetails?p=29175&s=U&prm2=0&prm4=0&prm5=0&prm6=0&prm9=0&prm12=0&prm13=0&prm14=0
23,UREP22-076-1-011,UREP,Qatar University,Award Pending - Vetted,,Dr. Anton Popelka,1 Year(s),,New,Development of medical scaffolds with enhanced infection resistance using electrospinning/plasma technology,Scaffolds, Nanofibres, Plasma, Biocompatible materials and devices, Antibacterials,Applied research,"[('Primary Research Mentor', 'Dr. Anton Popelka', 'Qatar University'), ('Student', 'Mr. Mohamed Hussein', 'Qatar University'), ('Student', 'Mr. Abdelrahman Mahmoud', 'Qatar University'), ('Student', 'Mr. Mahmoud Abdelrasool', 'Qatar University'), ('Student', 'Mr. khalid ali', 'Qatar University'), ('Student', 'Mr. Mohammed Naser', 'Qatar University'), ('Research Mentor', 'Dr. Peter Kasak', 'Qatar University')]","[('Qatar University', 'Qatar', 'Submitting Institution')]",https://pub.qgrants.org/Awards/ProjectDetails?p=29151&s=U&prm2=0&prm4=0&prm5=0&prm6=0&prm9=0&prm12=0&prm13=0&prm14=0
24,UREP22-067-5-021,UREP,Northwestern University in Qatar,Award Pending - Vetted,,Dr. Jocelyn Mitchell,1 Year(s),,New,Hashtag Blockade: Exploring the Digital Landscape of the Gulf Crisis,Social media, Gulf politics, Content analysis, Discourse analysis, Networks,Applied research,"[('Primary Research Mentor', 'Dr. Jocelyn Mitchell', 'Northwestern University in Qatar'), ('Student', 'Ms. Noor Abunaba', 'Northwestern University in Qatar'), ('Student', 'Miss Lulwa Al-Khori', 'Northwestern University in Qatar'), ('Student', 'Miss Tarfa Al-Mansouri', 'Northwestern University in Qatar'), ('Student', 'Miss Haya Al-Mohannadi', 'Northwestern University in Qatar'), ('Student', 'Mrs. Mariam Al-Dhubhani', 'Northwestern University in Qatar'), ('Student', 'Miss Shaikha  Alderbesti', 'Northwestern University in Qatar'), ('Research Mentor', 'Prof. Abraham Abusharif', 'Northwestern University in Qatar'), ('Research Mentor', 'Prof. Banu Akdenizli', 'Northwestern University in Qatar')]","[('Northwestern University in Qatar', 'Qatar', 'Submitting Institution')]",https://pub.qgrants.org/Awards/ProjectDetails?p=29140&s=U&prm2=0&prm4=0&prm5=0&prm6=0&prm9=0&prm12=0&prm13=0&prm14=0
25,UREP22-063-2-023,UREP,Texas A&M University at Qatar,Award Pending - Vetted,,Dr. Mahmood Amani,1 Year(s),,New,Wellbore Cleaning Prior to Completion Utilizing Surfactant Combination,Wellbore Cleaning, Well completion, Surfactant, Oil and Gas wells, Drilling,Experimental Development,"[('Primary Research Mentor', 'Dr. Mahmood Amani', 'Texas A&M University at Qatar'), ('Student', 'Mr. Abdul Sattar AlKahala', 'Texas A&M University at Qatar'), ('Student', 'Mr. Soud Al-Hababi', 'Texas A&M University at Qatar'), ('Student', 'Mr. Abdulkarim Mohamed', 'Texas A&M University at Qatar')]","[('Texas A&M University at Qatar', 'Qatar', 'Submitting Institution')]",https://pub.qgrants.org/Awards/ProjectDetails?p=29136&s=U&prm2=0&prm4=0&prm5=0&prm6=0&prm9=0&prm12=0&prm13=0&prm14=0
26,UREP22-062-2-022,UREP,Qatar University,Award Pending - Vetted,,Dr. Khaled Shaaban,1 Year(s),,Resubmission of [UREP21-075-2-031],Driver Distraction among Young Drivers,distracted driving, young drivers, activites, reckless driving, driving behavior,Applied research,"[('Primary Research Mentor', 'Dr. Khaled Shaaban', 'Qatar University'), ('Student', 'Mr. Mahmoud Ibrahim', 'Qatar University'), ('Student', 'Mr. Ahmed AL-Ghatam', 'Qatar University'), ('Student', 'Mr. Moaz Karamalla', 'Qatar University')]","[('Qatar University', 'Qatar', 'Submitting Institution')]",https://pub.qgrants.org/Awards/ProjectDetails?p=29135&s=U&prm2=0&prm4=0&prm5=0&prm6=0&prm9=0&prm12=0&prm13=0&prm14=0
27,UREP22-059-1-010,UREP,Qatar University,Award Pending - Vetted,,Dr. Radhouan Ben-Hamadou,1 Year(s),,New,Life-history traits of reef-building corals in Qatar,Coral reproduction, Coral reef ecology, Reef building coral, Symbiotic zooxanthellae, Reef restoration,Basic research,"[('Primary Research Mentor', 'Dr. Radhouan Ben-Hamadou', 'Qatar University'), ('Student', 'Miss Sarah  Sultan', 'Qatar University'), ('Student', 'Miss Ramsha Yousuf', 'Qatar University'), ('Student', 'Miss Eman Janahi', 'Qatar University'), ('Student', 'Miss Sakeenah Adenan', 'Qatar University'), ('Student', 'Miss Noora Al-Jaber', 'Qatar University'), ('Student', 'Miss shaikha alsayegh', 'Qatar University'), ('Research Mentor', 'Dr. fahad aljamali', 'Qatar University')]","[('Qatar University', 'Qatar', 'Submitting Institution')]",https://pub.qgrants.org/Awards/ProjectDetails?p=29132&s=U&prm2=0&prm4=0&prm5=0&prm6=0&prm9=0&prm12=0&prm13=0&prm14=0
28,UREP22-045-2-016,UREP,Qatar University,Award Pending - Vetted,,Dr. Murat Kucukvar,1 Year(s),,New,Life Cycle Sustainability Assessment Model for Qatar LNG Production,Sustainability, Energy and the environment, Life cycle sustainability assessment, Energy and climate, LNG Production,Applied research,"[('Primary Research Mentor', 'Dr. Murat Kucukvar', 'Qatar University'), ('Student', 'Miss Almaha Al-Kaabi', 'Qatar University'), ('Student', 'Miss Alanoud Al-Daeiya', 'Qatar University'), ('Student', 'Miss samaa abdelhay', 'Qatar University'), ('Student', 'Miss Mayar Haggag', 'Qatar University'), ('Student', 'Miss Noora Al-kouri', 'Qatar University'), ('Student', 'Miss Noora Al-kouri', 'Qatar University'), ('Student', 'Miss Noora Al-kouri', 'Qatar University'), ('Student', 'Mrs. Ghada Dahab', 'Qatar University'), ('Research Mentor', 'Dr. Nuri Onat', 'Qatar University'), ('Research Mentor', 'Dr. Wael Alhajyaseen', 'Qatar University')]","[('Qatar University', 'Qatar', 'Submitting Institution')]",https://pub.qgrants.org/Awards/ProjectDetails?p=29117&s=U&prm2=0&prm4=0&prm5=0&prm6=0&prm9=0&prm12=0&prm13=0&prm14=0
29,UREP22-043-2-015,UREP,Qatar University,Award Pending - Vetted,,Prof. Serkan Kiranyaz,1 Year(s),,Resubmission of [UREP21-073-2-030],An Intelligent and Low Cost Eye-Tracking System for Motorized Wheelchair Control,Pupil based Eye tracking, Innovative Machine Learning Algorithm, Motorized Wheelchair Control, Spinal Cord Injury, Quadriplegia,Applied research,"[('Primary Research Mentor', 'Prof. Serkan Kiranyaz', 'Qatar University'), ('Student', 'Mr. Mohammed Albardawil', 'Qatar University'), ('Student', 'Mr. khaled ahmad', 'Qatar University'), ('Student', 'Mr. Mahmoud Dahmani', 'Qatar University'), ('Student', 'Mrs. Shaikha AL-Naimi', 'Qatar University'), ('Student', 'Miss Farah Hijjawi', 'Qatar University'), ('Student', 'Ms. Aldana Al-Obaidli', 'Qatar University'), ('Research Mentor', 'Dr. Muhammad Chowdhury', 'Qatar University'), ('Research Mentor', 'Prof. Prof. Mohieddine Benammar', 'Qatar University')]","[('Qatar University', 'Qatar', 'Submitting Institution')]",https://pub.qgrants.org/Awards/ProjectDetails?p=29115&s=U&prm2=0&prm4=0&prm5=0&prm6=0&prm9=0&prm12=0&prm13=0&prm14=0
30,UREP22-041-5-013,UREP,University of Calgary - Qatar,Award Pending - Vetted,,Mrs. Carnelle Symes,1 Year(s),,Resubmission of [UREP21-037-5-007],Using videos as a nursing math intervention,Math learning, Nursing, Nursing education, Teaching with learning technologies," Education, health",Basic research,"[('Primary Research Mentor', 'Mrs. Carnelle Symes', 'University of Calgary - Qatar'), ('Student', 'Ms. Sarah Fatah', 'University of Calgary - Qatar'), ('Student', 'Miss Daniah Moreno', 'University of Calgary - Qatar'), ('Student', 'Ms. Ma. Kimberly Navarro', 'University of Calgary - Qatar'), ('Student', 'Miss Esther Andrews', 'University of Calgary - Qatar'), ('Student', 'Mr. Khalid Hashim', 'University of Calgary - Qatar'), ('Student', 'Mr. Gasir Mohamed', 'University of Calgary - Qatar'), ('Research Mentor', 'Mrs. Claudia Haddad', 'College of the North Atlantic - Qatar'), ('Research Mentor', 'Mrs. Claudia Haddad', 'College of the North Atlantic - Qatar'), ('Research Mentor', 'Ms. Angela Waigand', 'University of Calgary - Qatar'), ('Research Mentor', 'Ms. Angela Waigand', 'University of Calgary - Qatar'), ('Research Mentor', 'Ms. Diana White', 'University of Calgary - Qatar'), ('Research Mentor', 'Dr. Sadia Munir', 'University of Calgary - Qatar')]","[('University of Calgary - Qatar', 'Qatar', 'Submitting Institution'), ('College of the North Atlantic - Qatar', 'Qatar', 'Collaborative Institution')]",https://pub.qgrants.org/Awards/ProjectDetails?p=29113&s=U&prm2=0&prm4=0&prm5=0&prm6=0&prm9=0&prm12=0&prm13=0&prm14=0
31,UREP22-025-2-010,UREP,Qatar University,Award Pending - Vetted,,Prof. Qutaibah Malluhi,1 Year(s),,New,Securing Biometrics Using Intel’s SGX Enclave Technology,Software Gaurd Extensions, Biometrics, Cyber security, Enclave, Authentication,Applied research,"[('Primary Research Mentor', 'Prof. Qutaibah Malluhi', 'Qatar University'), ('Student', 'Mrs. Aisha Al-Mohannadi', 'Qatar University'), ('Student', 'Miss Asma Al-Othani', 'Qatar University'), ('Student', 'Miss Mzna Al-Saaq', 'Qatar University')]","[('Qatar University', 'Qatar', 'Submitting Institution')]",https://pub.qgrants.org/Awards/ProjectDetails?p=29097&s=U&prm2=0&prm4=0&prm5=0&prm6=0&prm9=0&prm12=0&prm13=0&prm14=0
32,UREP22-024-1-002,UREP,Texas A&M University at Qatar,Award Pending - Vetted,,Dr. Mohammed Al-Hashimi,1 Year(s),,New,Investigating and addressing photodegradation of conjugated polymers for solar applications,Solar cells and energy, photovoltaic modules, conjugated polymers, thermal stability, photodegradation,Basic research,"[('Primary Research Mentor', 'Dr. Mohammed Al-Hashimi', 'Texas A&M University at Qatar'), ('Student', 'Miss Almaha Alsheeb', 'Texas A&M University at Qatar'), ('Student', 'Mr. Safeer Hafeez', 'Texas A&M University at Qatar'), ('Student', 'Mr. Taha Kubbar', 'Texas A&M University at Qatar'), ('Student', 'Miss Elizabeth Abraham', 'Texas A&M University at Qatar'), ('Student', 'Mr. Arshad Ali', 'Texas A&M University at Qatar'), ('Student', 'Mr. Mohammed Hassan', 'Texas A&M University at Qatar'), ('Research Mentor', 'Miss Almaha Alsheeb', 'Texas A&M University at Qatar'), ('Research Mentor', 'Dr. Konstantinos Kakosimos', 'Texas A&M University at Qatar'), ('Research Mentor', 'Dr. Khaled Elsaid', 'Texas A&M University at Qatar')]","[('Texas A&M University at Qatar', 'Qatar', 'Submitting Institution')]",https://pub.qgrants.org/Awards/ProjectDetails?p=29096&s=U&prm2=0&prm4=0&prm5=0&prm6=0&prm9=0&prm12=0&prm13=0&prm14=0
33,UREP22-010-2-005,UREP,Texas A&M University at Qatar,Award Pending - Vetted,,Dr. Albertus Retnanto,1 Year(s),,Resubmission of [UREP21-014-2-004],Investigation the Viability of Nanoparticles in Drilling Fluids as Additive for Fluid Loss and Wellbore Stability,Nanotechnology, Fluid loss, Wellbore stability, Additives, Drilling fluids,Applied research,"[('Primary Research Mentor', 'Dr. Albertus Retnanto', 'Texas A&M University at Qatar'), ('Student', 'Mr. Laith Abughaush', 'Texas A&M University at Qatar'), ('Student', 'Mr. Abdullah Shaat', 'Texas A&M University at Qatar'), ('Student', 'Miss Maha Al-Sulaiti', 'Texas A&M University at Qatar'), ('Student', 'Miss Najla Badar', 'Texas A&M University at Qatar'), ('Research Mentor', 'Mr. Rommel Yrac', 'Texas A&M University at Qatar')]","[('Texas A&M University at Qatar', 'Qatar', 'Submitting Institution')]",https://pub.qgrants.org/Awards/ProjectDetails?p=29081&s=U&prm2=0&prm4=0&prm5=0&prm6=0&prm9=0&prm12=0&prm13=0&prm14=0
34,UREP22-009-5-004,UREP,Qatar University,Award Pending - Vetted,,Dr. Kaltham Al Ghanim,1 Year(s),,New,"Tamim Al Majed Portrait and its Role in Shaping the Relationship Between the Political Leadership and the People (A historical, Social and Analytical Study)",بورترية, تميم المجد, القيادة السياسية, الشعب, الأزمة,Basic research,"[('Primary Research Mentor', 'Dr. Kaltham Al Ghanim', 'Qatar University'), ('Student', 'Ms. Haila Badi Brak', 'Qatar University'), ('Student', 'Ms. Dhabya Nasser Al-Hajri', 'Qatar University'), ('Student', 'Ms. kulood Al-Marri', 'Qatar University'), ('Student', 'Miss Kaltham Alhanaei', 'Qatar University'), ('Student', 'Ms. Zainab Al-Abdulla', 'Qatar University'), ('Student', 'Mrs. Kholoud Almohammed', 'Qatar University'), ('Research Mentor', 'Dr. Sherine Al-Menshawy', 'Qatar University')]","[('Qatar University', 'Qatar', 'Submitting Institution')]",https://pub.qgrants.org/Awards/ProjectDetails?p=29079&s=U&prm2=0&prm4=0&prm5=0&prm6=0&prm9=0&prm12=0&prm13=0&prm14=0
35,UREP22-008-2-004,UREP,Qatar University,Award Pending - Vetted,,Dr. Abdul Shakoor,1 Year(s),,New,Novel high potential cathode materials for next generation lithium ion batteries,Lithium batteries, High energy, Structure, Transition metals, Redox couple,Basic research,"[('Primary Research Mentor', 'Dr. Abdul Shakoor', 'Qatar University'), ('Student', 'Mr. Jeffin Abraham', 'Qatar University'), ('Student', 'Miss Zieneb Thiehmed', 'Qatar University'), ('Student', 'Miss Hend Aly', 'Qatar University'), ('Student', 'Miss Afnan Mussa', 'Qatar University'), ('Student', 'Mr. Christian Randell Arro', 'Qatar University'), ('Student', 'Mr. Ali Chafik Aissaoui', 'Qatar University'), ('Research Mentor', 'Mr. Umair Nisar', 'Qatar University'), ('Research Mentor', 'Prof. Siham AlQaradawi', 'Qatar University')]","[('Qatar University', 'Qatar', 'Submitting Institution')]",https://pub.qgrants.org/Awards/ProjectDetails?p=29078&s=U&prm2=0&prm4=0&prm5=0&prm6=0&prm9=0&prm12=0&prm13=0&prm14=0
36,UREP22-007-2-003,UREP,Qatar University,Award Pending - Vetted,,Dr. Alaa AlHawari,1 Year(s),,New,High quality treated wastewater for irrigation purposes using an optimized aeration process in membrane bioreactors,Membrane Bioreactors, Intermittent Aeration, Wastewater Reuse, Activated Sludge, Viability,Applied research,"[('Primary Research Mentor', 'Dr. Alaa AlHawari', 'Qatar University'), ('Industry Research Mentor', 'Mr. Abdelrahman Abdelrahman', 'Ashghal - Public Works Authority'), ('Student', 'Mr. Mohammad Falamarzi', 'Qatar University'), ('Student', 'Mr. Alhassan Mahmoud', 'Qatar University'), ('Student', 'Mr. Mostafa Hussein', 'Qatar University'), ('Student', 'Mr. Yahya Abdelatty', 'Qatar University'), ('Student', 'Mr. Tamim Mardini', 'Qatar University'), ('Student', 'Mr. Abdelrahman Ghandour', 'Qatar University'), ('Research Mentor', 'Dr. Bouthaina LARBI', 'Qatar University')]","[('Qatar University', 'Qatar', 'Submitting Institution'), ('Ashghal - Public Works Authority', 'Qatar', 'Collaborative Institution')]",https://pub.qgrants.org/Awards/ProjectDetails?p=29077&s=U&prm2=0&prm4=0&prm5=0&prm6=0&prm9=0&prm12=0&prm13=0&prm14=0
37,UREP22-006-2-002,UREP,Qatar University,Award Pending - Vetted,,Prof. Ramzi Taha,1 Year(s),,New,Construction of Qatar's Rail Using Waste Steel Slag as a Ballast Material,Waste mangement, Recycled construction materials, Steel slag, Railway, ballast,Basic research,"[('Primary Research Mentor', 'Prof. Ramzi Taha', 'Qatar University'), ('Student', 'Mr. Abdulfattah Alzeibak', 'Qatar University'), ('Student', 'Mr. abdelrahman abozide', 'Qatar University'), ('Student', 'Mr. Khaled Elattar', 'Qatar University'), ('Student', 'Mr. Mohamed Khalil', 'Qatar University'), ('Student', 'Mr. Karim Shaaban', 'Qatar University'), ('Student', 'Mr. Jassim Alsanadi', 'Qatar University'), ('Research Mentor', 'Dr. Riyadh Al-Raoush', 'Qatar University')]","[('Qatar University', 'Qatar', 'Submitting Institution')]",https://pub.qgrants.org/Awards/ProjectDetails?p=29075&s=U&prm2=0&prm4=0&prm5=0&prm6=0&prm9=0&prm12=0&prm13=0&prm14=0
38,UREP22-005-5-003,UREP,Qatar University,Award Pending - Vetted,,Dr. Raffaello Furlan,1 Year(s),,New,The Urban Regeneration of Third Places in Contemporary Islamic Cities: Strategies for Enhancing Livability of Commercial Streets in Doha (Qatar).,Sustainable Urbanism, Islamic Cities, Vernacular Architecture, Built Heritage, Public Realm,Applied research,"[('Primary Research Mentor', 'Dr. Raffaello Furlan', 'Qatar University'), ('Student', 'Miss Mariam Hassan', 'Qatar University'), ('Student', 'Miss Aisha Alsulaiti', 'Qatar University'), ('Student', 'Ms. Dalal Al-Ansari', 'Qatar University')]","[('Qatar University', 'Qatar', 'Submitting Institution')]",https://pub.qgrants.org/Awards/ProjectDetails?p=29068&s=U&prm2=0&prm4=0&prm5=0&prm6=0&prm9=0&prm12=0&prm13=0&prm14=0
39,UREP22-003-2-001,UREP,Qatar University,Award Pending - Vetted,,Dr. Faycal Bensaali,1 Year(s),,New,Human Circulatory System Simulation for Extracorporeal Membrane Oxygenation Therapy,Extracorporeal Membrane Oxygenation, ECMO cannulation simulator, Blood circulation, Femoral cannulation, Jugular cannulation,Applied research,"[('Primary Research Mentor', 'Dr. Faycal Bensaali', 'Qatar University'), ('Industry Research Mentor', 'Prof. Guillaume Alinier', 'Hamad Medical Corporation'), ('Student', 'Mr. Abdelrhman Mahmoud', 'Qatar University'), ('Student', 'Mr. Aiman Abducarim', 'Qatar University'), ('Student', 'Mr. Elshaikh Mohamed', 'Qatar University'), ('Student', 'Mr. Sakib Mahmud', 'Qatar University'), ('Student', 'Mr. Omrane Abdallah', 'Qatar University'), ('Research Mentor', 'Prof. Abbes Amira', 'Qatar University')]","[('Qatar University', 'Qatar', 'Submitting Institution'), ('Hamad Medical Corporation', 'Qatar', 'Collaborative Institution')]",https://pub.qgrants.org/Awards/ProjectDetails?p=29059&s=U&prm2=0&prm4=0&prm5=0&prm6=0&prm9=0&prm12=0&prm13=0&prm14=0
40,UREP21-144-2-056,UREP,Qatar University,Award Active,15 Feb 2018,Dr. Abdul Shakoor,1 Year(s),15 Feb 2019,New,Fabrication of thermo-electric generator (TEG) and integration with photovoltaic (PV) module for enhanced efficiency in Qatar environment,Thermoelectricity, Solar cell, Efficiency, Fabriaction, Circuit design,Applied research,"[('Primary Research Mentor', 'Dr. Abdul Shakoor', 'Qatar University'), ('Student', 'Mr. Se won Jang', 'Qatar University'), ('Student', 'Miss Mentallah Meslam', 'Qatar University'), ('Student', 'Miss Khadija Mohamed', 'Qatar University'), ('Student', 'Miss Suzan Ahmed', 'Qatar University'), ('Student', 'Miss Maha Matalkeh', 'Qatar University'), ('Student', 'Miss Khadiga Hassan Mohamed', 'Qatar University'), ('Research Mentor', 'Mrs. Fareeha ubaid', 'Qatar University'), ('Research Mentor', 'Dr. Mansoor Ani Najeeb Nellikkal', 'Qatar University'), ('Research Mentor', 'Dr. Zubair Ahmad', 'Qatar University')]","[('Qatar University', 'Qatar', 'Submitting Institution')]",https://pub.qgrants.org/Awards/ProjectDetails?p=28715&s=U&prm2=0&prm4=0&prm5=0&prm6=0&prm9=0&prm12=0&prm13=0&prm14=0
41,UREP21-136-2-055,UREP,Hamad Bin Khalifa University,Award Active,01 Jan 2018,Dr. Bo Wang,1 Year(s),01 Jan 2019,New,Line-Tracking Smart Car with Edge-based Path Recognition and Dual-PID Control Strategy,Intelligent Vehicle System, Image Sensing, Route identification, Microcontrollers, Speed Control,Applied research,"[('Primary Research Mentor', 'Dr. Bo Wang', 'Hamad Bin Khalifa University'), ('Student', 'Mr. Abdulrahman ElKelani', 'Hamad Bin Khalifa University'), ('Student', 'Ms. Bashayer Al-Mohammed', 'Hamad Bin Khalifa University'), ('Student', 'Mr. Mhd Talal Al Mahmalji', 'Hamad Bin Khalifa University'), ('Student', 'Mr. Mohamed Amara', 'Hamad Bin Khalifa University'), ('Student', 'Mr. Mohamed Amara', 'Hamad Bin Khalifa University'), ('Student', 'Mr. Omar Elshal', 'Hamad Bin Khalifa University'), ('Research Mentor', 'Dr. Yin Yang', 'Hamad Bin Khalifa University')]","[('Hamad Bin Khalifa University', 'Qatar', 'Submitting Institution')]",https://pub.qgrants.org/Awards/ProjectDetails?p=28706&s=U&prm2=0&prm4=0&prm5=0&prm6=0&prm9=0&prm12=0&prm13=0&prm14=0
42,UREP21-141-3-032,UREP,Qatar University,Award Active,15 Feb 2018,Dr. Bruno Giraldes,1 Year(s),15 Feb 2019,New,The potential antibacterial effect of the Marine Sponges of the Qatar Marine Zone,Antibiotic, Pathogen, Sponges, Chemical biology, Taxonomy,Applied research,"[('Primary Research Mentor', 'Dr. Bruno Giraldes', 'Qatar University'), ('Student', 'Mrs. Halah Alkorbi', 'Qatar University'), ('Student', 'Miss Hadil Abdulkader', 'Qatar University'), ('Student', 'Miss Kamilia  Zubir', 'Qatar University'), ('Student', 'Ms. Asmaa Ahmed', 'Qatar University'), ('Research Mentor', 'Dr. David Smyth', ""Queen's University of Belfast""), ('Research Mentor', 'Dr. Alexandra Leitão-BenHamadou', 'Qatar University'), ('Research Mentor', 'Dr. Pejman Hanifi-Moghaddam', 'Qatar University')]","[('Qatar University', 'Qatar', 'Submitting Institution')]",https://pub.qgrants.org/Awards/ProjectDetails?p=28712&s=U&prm2=0&prm4=0&prm5=0&prm6=0&prm9=0&prm12=0&prm13=0&prm14=0
43,UREP21-131-3-024,UREP,Weill Cornell Medical College in Qatar,Award Active,28 Jan 2018,Prof. Shahrad Taheri,1 Year(s),28 Jan 2019,New,The impact of sleep on health and cognition in young adults,Sleep, Adolescent health, Obesity, Education, Cognition and Assessment,Applied research,"[('Primary Research Mentor', 'Prof. Shahrad Taheri', 'Weill Cornell Medical College in Qatar'), ('Student', 'Miss Eunice Thambiraja', 'Weill Cornell Medical College in Qatar'), ('Student', 'Mr. Akash  Keluth Chavan', 'Weill Cornell Medical College in Qatar'), ('Student', 'Miss Fathima Zamra Zahir', 'Weill Cornell Medical College in Qatar'), ('Student', 'Miss Fathima Zamra Zahir', 'Weill Cornell Medical College in Qatar'), ('Student', 'Ms. Cleo Zarina Reyes', 'Weill Cornell Medical College in Qatar'), ('Student', 'Mr. Basel  Humos', 'Weill Cornell Medical College in Qatar'), ('Student', 'Ms. Pratyaksha Sinha', 'Weill Cornell Medical College in Qatar'), ('Research Mentor', 'Dr. Odette Chagoury', 'Weill Cornell Medical College in Qatar')]","[('Weill Cornell Medical College in Qatar', 'Qatar', 'Submitting Institution')]",https://pub.qgrants.org/Awards/ProjectDetails?p=28700&s=U&prm2=0&prm4=0&prm5=0&prm6=0&prm9=0&prm12=0&prm13=0&prm14=0
44,UREP21-120-5-016,UREP,Qatar University,Award Active,15 Feb 2018,Dr. Lanouar Charfeddine,1 Year(s),15 Feb 2019,New,Impact of ICTs investments and urbanization level on environmental quality in Qatar.,ICTs, Smart Urbanization, Environmental quality, Qatar, Granger causality,Applied research,"[('Primary Research Mentor', 'Dr. Lanouar Charfeddine', 'Qatar University'), ('Student', 'Mr. Yehya Al-Awah', 'Qatar University'), ('Student', 'Miss Asma Al-Maadid', 'Qatar University'), ('Student', 'Miss Aisha Al-Thani', 'Qatar University'), ('Student', 'Mr. Mohamed Hayki', 'Qatar University'), ('Student', 'Miss yosra hamana', 'Qatar University')]","[('Qatar University', 'Qatar', 'Submitting Institution')]",https://pub.qgrants.org/Awards/ProjectDetails?p=28689&s=U&prm2=0&prm4=0&prm5=0&prm6=0&prm9=0&prm12=0&prm13=0&prm14=0
45,UREP21-119-2-050,UREP,Qatar University,Award Active,15 Feb 2018,Dr. Zubair Ahmad,1 Year(s),15 Feb 2019,New,To study the charge transport properties and physical variables affecting the performance of polymer solar cells,Polymer solar cells, Organic semiconductors, Organic photovoltaics, Bulk hetrojunction, Thin films,Basic research,"[('Primary Research Mentor', 'Dr. Zubair Ahmad', 'Qatar University'), ('Student', 'Mr. Chakib Hamadi', 'Qatar University'), ('Student', 'Mr. Suliman Rashid', 'Qatar University'), ('Student', 'Mr. Mohammed Abusultan', 'Qatar University'), ('Student', 'Mr. Mohameed Abusiba', 'Qatar University'), ('Research Mentor', 'Dr. Mansoor Ani Najeeb Nellikkal', 'Qatar University'), ('Research Mentor', 'Mr. abdullah al ashraf', 'Qatar University')]","[('Qatar University', 'Qatar', 'Submitting Institution')]",https://pub.qgrants.org/Awards/ProjectDetails?p=28688&s=U&prm2=0&prm4=0&prm5=0&prm6=0&prm9=0&prm12=0&prm13=0&prm14=0
46,UREP21-118-1-021,UREP,Qatar University,Award Active,15 Feb 2018,Dr. Abdullatif Shikfa,1 Year(s),15 Feb 2019,New,Defeating Evil-Twin attack with Friendly-Twin devices,Security and privacy, Wireless communicaitions, Authentication, Evil-Twin attack, Cooperative devices,Applied research,"[('Primary Research Mentor', 'Dr. Gabriele Oligeri', 'Qatar University'), ('Primary Research Mentor', 'Dr. Abdullatif Shikfa', 'Qatar University'), ('Student', 'Miss Raghda Akasheh', 'Qatar University'), ('Student', 'Mrs. Aisha Al-Mohannadi', 'Qatar University')]","[('Qatar University', 'Qatar', 'Submitting Institution')]",https://pub.qgrants.org/Awards/ProjectDetails?p=28687&s=U&prm2=0&prm4=0&prm5=0&prm6=0&prm9=0&prm12=0&prm13=0&prm14=0
47,UREP21-117-5-015,UREP,Qatar University,Award Active,15 Feb 2018,Dr. mahrous basuny,1 Year(s),15 Feb 2019,New,"Level of free reading and its relationship to identity, empirical study on  Qatar University students",القراءة, التثقيفية, الهوية, طلاب, جامعة قطر,Applied research,"[('Primary Research Mentor', 'Dr. mahrous basuny', 'Qatar University'), ('Student', 'Miss الدرداء الهادي', 'Qatar University'), ('Student', 'Ms. Amal Mohamadi', 'Qatar University'), ('Student', 'Miss Roba Shady', 'Qatar University'), ('Student', 'Mrs. Maryam AL-Mohannadi', 'Qatar University'), ('Student', 'Miss Maryam Al-hamadi', 'Qatar University'), ('Student', 'Miss Tasnim Ramadan', 'Qatar University'), ('Student', 'Miss Marwa Abdelaati', 'Qatar University'), ('Student', 'Miss Lamya Al-jallabi', 'Qatar University'), ('Student', 'Miss Fatima Al-Sawadi', 'Qatar University'), ('Research Mentor', 'Dr. Zakaryya Abdelhady', 'Qatar University')]","[('Qatar University', 'Qatar', 'Submitting Institution')]",https://pub.qgrants.org/Awards/ProjectDetails?p=28686&s=U&prm2=0&prm4=0&prm5=0&prm6=0&prm9=0&prm12=0&prm13=0&prm14=0
48,UREP21-108-2-047,UREP,Qatar University,Award Active,15 Feb 2018,Dr. Abdul Shakoor,1 Year(s),15 Feb 2019,New,Development of Ni-P-ZrO2 nanocomposite coatings through pulse electro-deposition process,Pulse electrodeposition, Crystal structure, Hradness, Wear, Corrosion,Basic research,"[('Primary Research Mentor', 'Dr. Abdul Shakoor', 'Qatar University'), ('Student', 'Miss Mahdiyeh Zakeri', 'Qatar University'), ('Student', 'Mrs. mohadese zakeri', 'Qatar University'), ('Student', 'Miss yasmina Eltayeb', 'Qatar University'), ('Student', 'Miss Juwayriya Al Habsi', 'Qatar University'), ('Student', 'Miss Fania Nabilla', 'Qatar University'), ('Student', 'Ms. Wiam Alrawi', 'Qatar University'), ('Research Mentor', 'Dr. Kamran Ali', 'Qatar University'), ('Research Mentor', 'Dr. Kamran Ali', 'Qatar University'), ('Research Mentor', 'Dr. Kamran Ali', 'Qatar University'), ('Research Mentor', 'Mr. Sivaprasad Valiyaveettil Narayana Menon', 'Qatar University')]","[('Qatar University', 'Qatar', 'Submitting Institution')]",https://pub.qgrants.org/Awards/ProjectDetails?p=28676&s=U&prm2=0&prm4=0&prm5=0&prm6=0&prm9=0&prm12=0&prm13=0&prm14=0
49,UREP21-103-5-011,UREP,Georgetown University School of Foreign Service in Qatar,Award Active,26 Oct 2017,Dr. Mongoljin Batsaikhan,1 Year(s),26 Oct 2018,New,Breaking down the Stereotypes: Experimental Approach to Discrimination on the basis of Nationality and Accent,Discrimination, Experiment, Economics, Trust, Nationality,Basic research,"[('Primary Research Mentor', 'Dr. Mongoljin Batsaikhan', 'Georgetown University School of Foreign Service in Qatar'), ('Student', 'Mr. Mohammad Taimur Ahmad', 'Georgetown University School of Foreign Service in Qatar'), ('Student', 'Miss Yara AlKahala', 'Georgetown University School of Foreign Service in Qatar'), ('Student', 'Miss Yara Abdelmaged', 'Georgetown University School of Foreign Service in Qatar'), ('Student', 'Ms. Awatif Al Habsi', 'Georgetown University School of Foreign Service in Qatar'), ('Research Mentor', 'Dr. Sulagna Mookerjee', 'Georgetown University School of Foreign Service in Qatar')]","[('Georgetown University School of Foreign Service in Qatar', 'Qatar', 'Submitting Institution')]",https://pub.qgrants.org/Awards/ProjectDetails?p=28671&s=U&prm2=0&prm4=0&prm5=0&prm6=0&prm9=0&prm12=0&prm13=0&prm14=0
50,UREP21-105-3-018,UREP,Qatar University,Award Active,15 Feb 2018,Dr. Ashraf Khalil,1 Year(s),15 Feb 2019,New,Novel pyrazoline analogs as potential breast cancer therapeutic agents,Breast cancer, Triple-negative breast cancers, Synthesis, Cell viability assay, pyrazoline,Basic research,"[('Primary Research Mentor', 'Dr. Ashraf Khalil', 'Qatar University'), ('Student', 'Miss Somaya Koraysh', 'Qatar University'), ('Student', 'Miss Sara Aldali', 'Qatar University'), ('Student', 'Miss Ola  Yakti', 'Qatar University'), ('Student', 'Miss Sarah Thiab', 'Qatar University'), ('Research Mentor', 'Dr. Ala-Eddin Al Moustafa', 'Qatar University'), ('Research Mentor', 'Prof. Feras Alali', 'Qatar University')]","[('Qatar University', 'Qatar', 'Submitting Institution')]",https://pub.qgrants.org/Awards/ProjectDetails?p=28673&s=U&prm2=0&prm4=0&prm5=0&prm6=0&prm9=0&prm12=0&prm13=0&prm14=0